Wavelength,1,2,3,4,5,6,7,8,9,10
1.02755,0.153266,0.144722,0.161893,0.180214,0.146096,0.149696,0.153431,0.150224,0.145908,0.150716
1.0341,0.154353,0.145052,0.163082,0.181172,0.146971,0.150598,0.153922,0.151215,0.146681,0.151702
1.04065,0.15388,0.144312,0.162648,0.181459,0.146083,0.150082,0.153522,0.151224,0.146044,0.151059
1.0472,0.153084,0.143519,0.161593,0.180803,0.145094,0.14903,0.152719,0.150306,0.145415,0.150524
1.05375,0.152673,0.143173,0.161714,0.180303,0.14496,0.149009,0.152542,0.150335,0.144904,0.150542
1.0603,0.152678,0.143019,0.161435,0.180432,0.144603,0.148726,0.152387,0.150348,0.145036,0.150276
1.06685,0.152487,0.142222,0.161152,0.180356,0.143865,0.148288,0.151975,0.150123,0.144457,0.150146
1.07341,0.152574,0.142187,0.161078,0.180229,0.143921,0.148299,0.152204,0.150564,0.14501,0.150057
1.07996,0.151437,0.14156,0.159808,0.179001,0.142884,0.147596,0.151225,0.149417,0.143775,0.149155
1.08651,0.152275,0.141947,0.160793,0.179929,0.143486,0.148128,0.152066,0.150125,0.144444,0.149765
1.09307,0.152501,0.142397,0.161204,0.180363,0.143953,0.148505,0.152336,0.150346,0.144494,0.150104
1.09962,0.153418,0.143352,0.162248,0.181573,0.145189,0.149532,0.153719,0.151321,0.145828,0.151266
1.10617,0.15348,0.143532,0.162409,0.182133,0.145088,0.149805,0.154112,0.151843,0.145974,0.151367
1.11273,0.153607,0.143629,0.162835,0.18222,0.145151,0.149956,0.154393,0.151903,0.146257,0.151567
1.11928,0.153557,0.144039,0.162858,0.182387,0.145332,0.15023,0.154658,0.152066,0.146361,0.151331
1.12584,0.153872,0.143942,0.163226,0.18295,0.145689,0.150678,0.154785,0.15272,0.146813,0.151764
1.13239,0.153829,0.144047,0.163265,0.182756,0.1456,0.150574,0.154835,0.152457,0.146579,0.15169
1.13895,0.153302,0.143703,0.162934,0.182429,0.145276,0.150192,0.154339,0.152001,0.146309,0.151589
1.14551,0.153359,0.143697,0.163405,0.182784,0.14514,0.150399,0.154513,0.152407,0.14646,0.151539
1.15206,0.153555,0.143671,0.163156,0.182961,0.145367,0.150549,0.154849,0.15245,0.146524,0.151697
1.15862,0.153159,0.143396,0.162882,0.183043,0.145,0.150112,0.154618,0.152265,0.146384,0.151371
1.16518,0.152814,0.143261,0.162766,0.182907,0.144756,0.150173,0.154445,0.15228,0.146091,0.151282
1.17173,0.152826,0.143535,0.163012,0.183121,0.14489,0.149923,0.154416,0.152315,0.146209,0.151034
1.17829,0.152628,0.142918,0.162616,0.182789,0.144314,0.14948,0.154345,0.151753,0.145785,0.150882
1.18485,0.151977,0.14263,0.162862,0.182886,0.144623,0.149617,0.154278,0.151807,0.145686,0.150886
1.19141,0.152371,0.142841,0.162926,0.183274,0.144713,0.149848,0.154325,0.151813,0.146166,0.151048
1.19797,0.151494,0.141922,0.161958,0.182223,0.143355,0.148602,0.15341,0.15084,0.144844,0.15003
1.20453,0.150684,0.141252,0.161512,0.182039,0.142901,0.148336,0.153046,0.150609,0.14441,0.149553
1.21109,0.151277,0.141382,0.161976,0.182344,0.143149,0.148544,0.15365,0.151054,0.144666,0.149611
1.21765,0.150021,0.140891,0.16153,0.181738,0.142539,0.147883,0.153,0.150359,0.144223,0.149003
1.22421,0.150558,0.141016,0.161901,0.182159,0.142864,0.148177,0.153359,0.150642,0.144436,0.149189
1.23077,0.151587,0.141779,0.162858,0.183679,0.14365,0.148873,0.154335,0.151364,0.145169,0.150103
1.23733,0.151493,0.142107,0.162856,0.183972,0.143835,0.149345,0.154338,0.151679,0.145374,0.150264
1.24389,0.151263,0.142169,0.163328,0.183919,0.143957,0.149365,0.15456,0.15169,0.145552,0.15017
1.25045,0.152048,0.142434,0.163994,0.184832,0.14425,0.149737,0.155249,0.152105,0.145908,0.150742
1.25701,0.151623,0.142123,0.16364,0.184632,0.144038,0.149811,0.155065,0.152355,0.145637,0.150431
1.26357,0.152002,0.142596,0.164115,0.185053,0.144235,0.150121,0.155527,0.152573,0.14605,0.150855
1.27014,0.152746,0.143348,0.165531,0.186567,0.145522,0.151334,0.156829,0.153625,0.1473,0.151881
1.2767,0.1527,0.143189,0.16542,0.186689,0.145013,0.150806,0.156799,0.153419,0.146874,0.151723
1.28326,0.152286,0.142702,0.164937,0.186514,0.144565,0.150482,0.156534,0.153124,0.146336,0.151015
1.28983,0.152589,0.143108,0.165641,0.187525,0.144919,0.150854,0.157363,0.153782,0.146929,0.151602
1.29639,0.15257,0.143047,0.165816,0.187588,0.145024,0.15069,0.157474,0.15403,0.146927,0.151728
1.30295,0.15238,0.1428,0.165977,0.18782,0.144744,0.150905,0.157979,0.154188,0.146972,0.15179
1.30952,0.152126,0.142435,0.165577,0.187407,0.144394,0.150613,0.157569,0.15401,0.146657,0.151239
1.31608,0.151702,0.142227,0.165388,0.187424,0.14446,0.150289,0.157829,0.153748,0.146675,0.151036
1.32265,0.152501,0.143518,0.166495,0.188839,0.145195,0.151651,0.158997,0.155034,0.147726,0.152332
1.32921,0.152921,0.143428,0.166689,0.18934,0.145362,0.151649,0.159454,0.154757,0.14755,0.152054
1.33578,0.153079,0.143515,0.167198,0.189471,0.145735,0.152085,0.160065,0.155376,0.148032,0.152402
1.34234,0.153207,0.14356,0.167571,0.190326,0.145822,0.15245,0.160748,0.155839,0.148306,0.152744
1.34891,0.153484,0.144377,0.168319,0.191127,0.146643,0.152954,0.161639,0.156555,0.149125,0.153586
1.35548,0.154596,0.1454,0.169561,0.192634,0.147176,0.154096,0.162617,0.157406,0.149793,0.154315
1.36205,0.154555,0.145164,0.169411,0.192569,0.147223,0.154244,0.163068,0.157723,0.149977,0.154503
1.36861,0.15356,0.14413,0.168485,0.191473,0.146139,0.153088,0.162295,0.15684,0.149065,0.153416
1.37518,0.15367,0.144576,0.169127,0.192287,0.146643,0.153746,0.163134,0.157472,0.149563,0.15399
1.38175,0.154054,0.144806,0.169426,0.192805,0.146855,0.153831,0.162576,0.157679,0.149986,0.1539
1.38832,0.153188,0.144135,0.168267,0.191196,0.145997,0.153038,0.161316,0.156564,0.148987,0.153323
1.39489,0.153884,0.14464,0.16848,0.191474,0.146615,0.153847,0.162223,0.157446,0.149853,0.154186
1.40145,0.15409,0.144741,0.168453,0.191732,0.146918,0.154258,0.163067,0.157788,0.150161,0.154545
1.40802,0.154055,0.144616,0.168241,0.190898,0.146724,0.154104,0.163484,0.15784,0.15006,0.154232
1.41459,0.153599,0.144879,0.168313,0.190514,0.146887,0.15426,0.164241,0.15801,0.150333,0.154501
1.42116,0.153787,0.14495,0.168571,0.190917,0.14687,0.154468,0.164725,0.158106,0.150437,0.154346
1.42773,0.152886,0.143781,0.167654,0.190018,0.14602,0.153764,0.164608,0.157619,0.149691,0.153613
1.43431,0.152414,0.143456,0.167691,0.190787,0.145529,0.153396,0.164761,0.157655,0.149379,0.153422
1.44088,0.152096,0.143529,0.167995,0.191066,0.145625,0.153292,0.165063,0.157673,0.149431,0.153181
1.44745,0.153157,0.144262,0.16943,0.192325,0.146398,0.154007,0.166478,0.158513,0.150334,0.154346
1.45402,0.152564,0.143912,0.16917,0.19236,0.146098,0.153991,0.166462,0.158227,0.150111,0.153684
1.46059,0.152752,0.144067,0.169543,0.193,0.14614,0.154082,0.167044,0.158663,0.150373,0.153895
1.46716,0.152852,0.143853,0.169654,0.193366,0.145945,0.154099,0.167399,0.158613,0.150155,0.153985
1.47374,0.152542,0.143629,0.169416,0.193459,0.145687,0.154095,0.167794,0.158691,0.150352,0.153889
1.48031,0.151958,0.143174,0.169078,0.19364,0.145292,0.153763,0.168111,0.158589,0.149907,0.153561
1.48688,0.150617,0.141911,0.168136,0.192156,0.144277,0.15239,0.166983,0.157118,0.148849,0.152311
1.49346,0.151226,0.142856,0.168954,0.193135,0.144752,0.153263,0.168019,0.157975,0.149673,0.153277
1.50003,0.150308,0.142061,0.168509,0.192988,0.144217,0.152841,0.168376,0.157541,0.149108,0.152626
1.50661,0.150716,0.142383,0.168734,0.193454,0.144465,0.152998,0.169005,0.15784,0.149376,0.15304
1.51318,0.15122,0.142705,0.169184,0.194393,0.144907,0.15364,0.169798,0.158743,0.149836,0.153621
1.51976,0.151126,0.142318,0.169242,0.193856,0.144747,0.153575,0.169473,0.158248,0.149727,0.153199
1.52633,0.151018,0.142391,0.169609,0.194385,0.144471,0.153461,0.17,0.1584,0.149697,0.153372
1.53291,0.150791,0.142237,0.169369,0.194069,0.144388,0.153472,0.170108,0.158254,0.149599,0.152961
1.53948,0.150784,0.14217,0.169668,0.194395,0.144393,0.153519,0.170409,0.158677,0.149637,0.153334
1.54606,0.151684,0.14297,0.170488,0.195771,0.14513,0.154383,0.172065,0.159613,0.150593,0.154392
1.55264,0.151422,0.143017,0.170914,0.195884,0.144939,0.154075,0.171913,0.159485,0.150591,0.154196
1.55921,0.150586,0.142524,0.169994,0.194824,0.144648,0.153675,0.171404,0.158943,0.150137,0.15357
1.56579,0.150135,0.1418,0.169656,0.194571,0.144171,0.153114,0.171428,0.158624,0.149571,0.153216
1.57237,0.149451,0.140994,0.168653,0.193783,0.143147,0.152424,0.17091,0.157911,0.148805,0.152373
1.57895,0.150405,0.14182,0.1697,0.195283,0.144027,0.153111,0.172433,0.158555,0.149418,0.153146
1.58552,0.150808,0.142196,0.170621,0.196174,0.145048,0.153872,0.173155,0.15939,0.150403,0.15383
1.5921,0.150107,0.141581,0.169683,0.194965,0.143953,0.152798,0.172229,0.158824,0.1496,0.153001
1.59868,0.148925,0.140792,0.168934,0.194121,0.14308,0.152152,0.171508,0.157735,0.148745,0.1522
1.60526,0.148912,0.140723,0.168846,0.194563,0.142947,0.152362,0.171784,0.158007,0.14867,0.15243
1.61184,0.150293,0.141748,0.170293,0.195917,0.144189,0.153472,0.173252,0.159097,0.149909,0.153627
1.61842,0.150667,0.142253,0.170966,0.196764,0.144516,0.153778,0.17411,0.159404,0.150335,0.154117
1.625,0.150149,0.14208,0.170473,0.196082,0.144269,0.153127,0.1736,0.159546,0.150138,0.153674
1.63158,0.150393,0.142197,0.170777,0.196765,0.144175,0.153707,0.174155,0.15958,0.150181,0.153955
1.63816,0.151056,0.142587,0.171217,0.197357,0.144849,0.15395,0.174541,0.160063,0.150589,0.15413
1.64474,0.151023,0.142828,0.172088,0.198294,0.145183,0.154652,0.174487,0.16013,0.15117,0.15469
1.65133,0.149887,0.14188,0.1706,0.196819,0.143953,0.153104,0.172657,0.158938,0.149569,0.15353
1.65791,0.147126,0.138999,0.166753,0.19285,0.141095,0.149779,0.169331,0.155961,0.146519,0.150415
1.66449,0.148029,0.139894,0.168239,0.194264,0.142045,0.150633,0.171526,0.156959,0.147802,0.151714
1.67107,0.149009,0.140658,0.169766,0.195718,0.142934,0.152049,0.173283,0.158672,0.149286,0.153144
1.67766,0.149083,0.140706,0.170263,0.195722,0.142971,0.152427,0.173863,0.158649,0.149265,0.153267
1.68424,0.148354,0.139907,0.169152,0.194839,0.142205,0.151923,0.173082,0.157819,0.148479,0.152453
1.69082,0.14841,0.139863,0.169105,0.195304,0.142352,0.151547,0.172872,0.157897,0.148458,0.152404
1.69741,0.148758,0.140457,0.170151,0.196413,0.142492,0.152301,0.173874,0.158355,0.149216,0.152986
1.70399,0.149496,0.141062,0.170986,0.197269,0.143206,0.15291,0.174193,0.159119,0.149882,0.153436
1.71058,0.148943,0.140366,0.170656,0.196804,0.14284,0.152458,0.174092,0.1586,0.149559,0.153282
1.71716,0.14854,0.140299,0.170186,0.196778,0.14262,0.152151,0.17382,0.158432,0.149304,0.152732
1.72375,0.148526,0.140142,0.170107,0.196768,0.142507,0.152131,0.173848,0.15829,0.149068,0.15301
1.73033,0.148229,0.140044,0.16987,0.196388,0.142254,0.152076,0.173758,0.158236,0.148914,0.152549
1.73692,0.148247,0.139872,0.169914,0.196199,0.141979,0.151857,0.173701,0.158189,0.148776,0.152666
1.74351,0.148238,0.139925,0.169816,0.196197,0.141913,0.151805,0.173745,0.158049,0.148768,0.152581
1.75009,0.147922,0.139606,0.169297,0.196352,0.141685,0.15162,0.173517,0.157817,0.148585,0.152507
1.75668,0.147748,0.139525,0.169045,0.196139,0.141554,0.151492,0.173344,0.157606,0.148475,0.152339
1.76327,0.147562,0.139228,0.1693,0.196024,0.141208,0.151315,0.173196,0.157408,0.148206,0.15202
1.76985,0.14749,0.138923,0.169222,0.195854,0.141248,0.151098,0.173043,0.157311,0.148134,0.151914
1.77644,0.146941,0.138809,0.168911,0.195725,0.141182,0.150678,0.172924,0.157147,0.147955,0.151745
1.78303,0.147074,0.138882,0.168876,0.195454,0.140862,0.150678,0.172617,0.156889,0.147824,0.151682
1.78962,0.146773,0.138847,0.168692,0.195148,0.140621,0.150647,0.172296,0.156858,0.147513,0.151587
1.79621,0.14669,0.138398,0.168626,0.195386,0.140516,0.150419,0.172368,0.156662,0.147466,0.151407
1.8028,0.146438,0.138416,0.168629,0.195249,0.140529,0.150279,0.172183,0.156602,0.147479,0.15154
1.80939,0.146598,0.138489,0.168894,0.195406,0.140771,0.150151,0.1722,0.156556,0.147208,0.151444
1.81598,0.146368,0.138332,0.168619,0.195283,0.140422,0.15031,0.172139,0.156536,0.147535,0.151343
1.82257,0.146657,0.138424,0.168329,0.195514,0.140531,0.1505,0.172252,0.156305,0.147479,0.151316
1.82916,0.146092,0.138046,0.168252,0.195302,0.140106,0.150084,0.171967,0.156344,0.147098,0.150992
1.83575,0.146041,0.137791,0.167672,0.195279,0.139687,0.149773,0.171965,0.155941,0.14706,0.150868
1.84234,0.145915,0.137719,0.167853,0.19507,0.139771,0.149871,0.171447,0.155947,0.147002,0.150623
1.84893,0.14584,0.137651,0.167719,0.194723,0.139665,0.14968,0.17122,0.155485,0.146911,0.150687
1.85552,0.145418,0.137387,0.167348,0.194412,0.13922,0.149292,0.170797,0.155272,0.146646,0.150316
1.86212,0.145225,0.137294,0.16742,0.194488,0.139035,0.149421,0.170586,0.155057,0.14666,0.150479
1.86871,0.145154,0.137219,0.16684,0.194149,0.139316,0.149118,0.170146,0.154787,0.14633,0.150042
1.8753,0.14523,0.137011,0.166134,0.193211,0.139092,0.149,0.169509,0.154872,0.146232,0.149983
1.8819,0.144964,0.136576,0.164939,0.192134,0.1386,0.14833,0.168286,0.154345,0.145954,0.149652
1.88849,0.144588,0.136553,0.163601,0.190619,0.138185,0.148111,0.16672,0.153852,0.145899,0.149403
1.89508,0.144514,0.136007,0.161954,0.188323,0.138095,0.147601,0.16568,0.152872,0.145294,0.149151
1.90168,0.144371,0.135608,0.160682,0.185972,0.137795,0.147,0.164069,0.152326,0.145046,0.148702
1.90827,0.144397,0.135374,0.159837,0.183424,0.13751,0.146757,0.16276,0.151505,0.144599,0.148764
1.91487,0.144007,0.135228,0.159961,0.182349,0.137414,0.146464,0.16179,0.150963,0.144665,0.148576
1.92146,0.143728,0.135191,0.159869,0.182024,0.137248,0.146665,0.16163,0.150922,0.144699,0.148128
1.92806,0.14341,0.134883,0.160025,0.182279,0.137071,0.146312,0.161352,0.150714,0.144503,0.148178
1.93465,0.142918,0.134144,0.159307,0.182345,0.136253,0.145502,0.160965,0.15028,0.143892,0.147223
1.94125,0.141589,0.13287,0.158497,0.181548,0.135403,0.144602,0.160283,0.149563,0.143075,0.146298
1.94785,0.140393,0.131412,0.157219,0.180897,0.133836,0.14328,0.159688,0.148454,0.141736,0.144565
1.95444,0.139667,0.130785,0.1569,0.181013,0.133235,0.142646,0.159241,0.148258,0.141064,0.14412
1.96104,0.140089,0.131696,0.158628,0.18282,0.134111,0.143548,0.160252,0.149213,0.141957,0.144589
1.96764,0.141397,0.132847,0.159641,0.184828,0.134731,0.144598,0.161529,0.150485,0.143121,0.146058
1.97424,0.142047,0.133115,0.160576,0.185468,0.135484,0.145236,0.162083,0.15137,0.143498,0.146551
1.98084,0.14179,0.133333,0.16104,0.185961,0.135452,0.145164,0.162186,0.151279,0.143862,0.146787
1.98743,0.141683,0.132875,0.161003,0.186099,0.13542,0.145056,0.161995,0.15109,0.143827,0.146581
1.99403,0.141922,0.133021,0.161139,0.186984,0.135303,0.145049,0.162435,0.151375,0.143897,0.146782
2.00063,0.142036,0.133138,0.160758,0.187086,0.135267,0.144945,0.162499,0.151314,0.143593,0.146648
2.00723,0.141596,0.132889,0.160575,0.18633,0.135265,0.144733,0.16211,0.151035,0.143268,0.146015
2.01383,0.140892,0.132122,0.160546,0.185797,0.134793,0.144133,0.162379,0.150642,0.142847,0.145614
2.02043,0.140237,0.131243,0.160673,0.186844,0.133718,0.143555,0.162061,0.150224,0.142379,0.144982
2.02703,0.139708,0.13095,0.15993,0.186225,0.13327,0.143277,0.161432,0.149905,0.141764,0.144429
2.03363,0.139961,0.131002,0.160148,0.186361,0.133194,0.143283,0.16167,0.149917,0.14177,0.144616
2.04024,0.139526,0.130628,0.159656,0.186041,0.132806,0.142875,0.161154,0.149569,0.141407,0.144173
2.04684,0.138004,0.129669,0.158775,0.185202,0.132298,0.141882,0.160557,0.148253,0.140182,0.143235
2.05344,0.137289,0.129295,0.158183,0.18485,0.131572,0.141861,0.160331,0.147906,0.139704,0.142486
2.06004,0.137994,0.129284,0.158917,0.18543,0.131916,0.142551,0.16064,0.148517,0.139779,0.142856
2.06664,0.138086,0.129535,0.159023,0.185663,0.131892,0.142415,0.161093,0.148569,0.140564,0.143024
2.07325,0.139027,0.130304,0.159995,0.186239,0.132778,0.142774,0.161551,0.149399,0.141287,0.143685
2.07985,0.139248,0.130694,0.160459,0.187093,0.133073,0.14299,0.161617,0.149731,0.141414,0.143949
2.08645,0.139247,0.130856,0.160505,0.187207,0.133428,0.143232,0.161583,0.149508,0.141093,0.144277
2.09306,0.139546,0.131243,0.160895,0.188058,0.133411,0.14358,0.161882,0.149763,0.141281,0.14452
2.09966,0.139468,0.131034,0.161106,0.187958,0.133546,0.143494,0.161918,0.149996,0.141758,0.14438
2.10627,0.139299,0.13113,0.161047,0.187658,0.133482,0.143473,0.161727,0.149995,0.14132,0.144478
2.11287,0.13932,0.131071,0.161033,0.187515,0.133266,0.143494,0.161864,0.149652,0.141241,0.144351
2.11948,0.139153,0.131148,0.161056,0.188118,0.133456,0.143575,0.161267,0.149797,0.141101,0.144586
2.12608,0.139452,0.130895,0.160692,0.187485,0.13345,0.143407,0.161089,0.149557,0.140965,0.144586
2.13269,0.13915,0.130908,0.160754,0.187839,0.133385,0.143312,0.160804,0.149244,0.140781,0.144062
2.1393,0.139409,0.130843,0.160832,0.188292,0.133293,0.143338,0.160921,0.149616,0.140984,0.144441
2.1459,0.139247,0.130908,0.161011,0.188087,0.133488,0.143608,0.161115,0.149818,0.140974,0.1442
2.15251,0.139163,0.130734,0.160732,0.188065,0.133335,0.143354,0.161144,0.149414,0.140854,0.143907
2.15912,0.138868,0.130535,0.160538,0.187731,0.133219,0.143149,0.160706,0.149556,0.140582,0.144043
2.16572,0.138857,0.130756,0.160564,0.188145,0.133317,0.143216,0.160724,0.149519,0.140643,0.144192
2.17233,0.138691,0.130569,0.159953,0.187547,0.133138,0.143049,0.160013,0.149006,0.140306,0.144269
2.17894,0.13876,0.130533,0.159963,0.187185,0.132847,0.142899,0.160118,0.148923,0.140317,0.143807
2.18555,0.138559,0.130362,0.159872,0.18721,0.132727,0.142766,0.159264,0.148406,0.140277,0.143616
2.19216,0.138584,0.13012,0.1594,0.18675,0.132677,0.142647,0.158867,0.148479,0.140003,0.143543
2.19877,0.138545,0.129995,0.159065,0.186534,0.132595,0.142397,0.158589,0.148274,0.139764,0.143313
2.20538,0.138401,0.130001,0.158945,0.186195,0.132246,0.142429,0.158095,0.147753,0.139804,0.14326
2.21199,0.138368,0.129905,0.15848,0.186097,0.132258,0.142236,0.157333,0.147928,0.139523,0.143079
2.2186,0.138079,0.129334,0.158105,0.185953,0.132186,0.142375,0.156858,0.147996,0.139598,0.142982
2.22521,0.138117,0.129379,0.157587,0.185236,0.132045,0.142015,0.156197,0.147647,0.139242,0.142903
2.23182,0.137847,0.129439,0.157227,0.184144,0.132038,0.142166,0.155804,0.14732,0.139155,0.142704
2.23843,0.137726,0.129287,0.157018,0.183844,0.132063,0.141894,0.155652,0.147178,0.139068,0.142704
2.24504,0.13788,0.129065,0.156421,0.183813,0.132159,0.142068,0.155241,0.147136,0.139122,0.142872
2.25165,0.13749,0.129088,0.155671,0.182773,0.1317,0.141672,0.154784,0.146771,0.139008,0.142479
2.25827,0.137378,0.128693,0.154518,0.181275,0.131437,0.141473,0.153834,0.146209,0.138572,0.141995
2.26488,0.136983,0.128326,0.153213,0.179584,0.131216,0.141018,0.152181,0.145618,0.138224,0.141457
2.27149,0.137201,0.128559,0.15224,0.178208,0.131331,0.141254,0.151872,0.145488,0.1385,0.14184
2.2781,0.137152,0.128607,0.150641,0.176074,0.131295,0.140875,0.151057,0.144688,0.138176,0.141947
2.28472,0.137112,0.128442,0.149519,0.174025,0.131177,0.14059,0.150165,0.14415,0.138069,0.141694
2.29133,0.137333,0.128697,0.148818,0.172594,0.131193,0.140661,0.148856,0.143839,0.138097,0.141671
2.29795,0.137464,0.128233,0.148288,0.170726,0.131289,0.140578,0.148219,0.14339,0.13787,0.141306
2.30456,0.136894,0.12824,0.148268,0.170367,0.130882,0.1402,0.147487,0.143086,0.137957,0.141018
2.31118,0.136912,0.12811,0.14831,0.170881,0.130755,0.140097,0.146847,0.142649,0.137528,0.141098
2.31779,0.136349,0.127734,0.148275,0.171063,0.13036,0.140013,0.146805,0.142591,0.137344,0.14077
2.32441,0.136144,0.127609,0.148311,0.171346,0.130036,0.139863,0.147503,0.142392,0.137189,0.140569
2.33102,0.136137,0.127366,0.14838,0.171844,0.130412,0.139512,0.148219,0.142965,0.137372,0.140078
2.33764,0.135855,0.127137,0.148303,0.171861,0.130289,0.139777,0.14843,0.14317,0.137312,0.140203
2.34426,0.136029,0.127397,0.148262,0.171878,0.13034,0.139997,0.149305,0.14351,0.137396,0.140542
2.35087,0.135691,0.127323,0.148195,0.171141,0.130263,0.139883,0.149575,0.143446,0.137479,0.140285
2.35749,0.1358,0.127289,0.148074,0.170564,0.130053,0.13983,0.149819,0.143217,0.137445,0.140281
2.36411,0.135884,0.127333,0.148125,0.170818,0.130262,0.139828,0.149559,0.143518,0.137413,0.140367
2.37072,0.1357,0.127358,0.147988,0.170573,0.130432,0.139768,0.149189,0.143467,0.137544,0.140642
2.37734,0.135576,0.127105,0.147809,0.170488,0.129868,0.139409,0.148759,0.142947,0.13738,0.139955
2.38396,0.135287,0.126586,0.147226,0.169598,0.129557,0.139029,0.147977,0.14212,0.136945,0.13959
2.39058,0.135075,0.126724,0.147289,0.169446,0.129862,0.138866,0.147596,0.141901,0.136861,0.139693
2.3972,0.135506,0.126824,0.147328,0.169675,0.12993,0.13931,0.147899,0.142589,0.13732,0.139953
2.40382,0.135764,0.1273,0.147402,0.169967,0.130136,0.139672,0.148285,0.143129,0.137413,0.140198
2.41044,0.135958,0.127157,0.147849,0.170762,0.130188,0.139748,0.148662,0.143689,0.137852,0.140507
2.41706,0.135959,0.127312,0.14813,0.170888,0.130397,0.140081,0.148722,0.143745,0.137788,0.140573
2.42368,0.13568,0.127142,0.147894,0.170661,0.130029,0.139667,0.148264,0.143495,0.137791,0.140208
2.4303,0.135827,0.127076,0.148001,0.170786,0.130074,0.139738,0.147914,0.143121,0.138002,0.140154
2.43692,0.136003,0.126934,0.147985,0.170972,0.130203,0.139626,0.147835,0.143052,0.138136,0.140465
2.44354,0.135782,0.127146,0.148009,0.17094,0.130145,0.139735,0.147621,0.143269,0.138085,0.140503
2.45017,0.135638,0.127133,0.147837,0.170929,0.130029,0.139541,0.146951,0.143175,0.137975,0.140146
2.45679,0.135952,0.126874,0.147387,0.170406,0.129935,0.13923,0.14642,0.142698,0.137998,0.140022
2.46341,0.135839,0.126686,0.147213,0.170062,0.129924,0.139245,0.146307,0.142673,0.138168,0.140018
2.47003,0.135253,0.126482,0.146765,0.169297,0.129531,0.138939,0.146082,0.142339,0.138162,0.140152
2.47666,0.134696,0.126127,0.146095,0.168628,0.129211,0.138569,0.145473,0.141886,0.137749,0.139889
2.48328,0.134225,0.125584,0.145571,0.167729,0.128663,0.138168,0.145049,0.1417,0.137161,0.139285
2.4899,0.134768,0.126164,0.145454,0.167708,0.128974,0.138556,0.144757,0.141649,0.137516,0.139543
2.49653,0.135042,0.126319,0.145712,0.16743,0.129166,0.138683,0.144962,0.141459,0.137815,0.139543
2.50312,0.13474,0.125822,0.145023,0.166768,0.129089,0.138581,0.144674,0.141383,0.13749,0.139112
2.50972,0.134802,0.125953,0.144545,0.166986,0.128859,0.138312,0.144231,0.141324,0.137386,0.138867
2.51632,0.134143,0.125776,0.144287,0.165886,0.128566,0.138107,0.143951,0.140734,0.137538,0.138854
2.52292,0.133743,0.125438,0.143873,0.165179,0.12826,0.137801,0.143662,0.140502,0.137046,0.138084
2.52951,0.133783,0.125593,0.143745,0.165266,0.128396,0.137722,0.1438,0.140501,0.137088,0.138092
2.53611,0.13375,0.125394,0.143415,0.165007,0.128207,0.137647,0.144099,0.140509,0.137127,0.138309
2.54271,0.133551,0.124983,0.142934,0.164924,0.127637,0.13762,0.143898,0.140263,0.136926,0.138258
2.54931,0.132924,0.124445,0.142377,0.164141,0.12753,0.137281,0.143745,0.139866,0.136742,0.137829
2.55591,0.132502,0.124297,0.141859,0.163382,0.127084,0.136911,0.143471,0.139893,0.1361,0.13728
2.56251,0.132721,0.124143,0.141751,0.163541,0.126943,0.136781,0.143654,0.139357,0.136295,0.137165
2.56911,0.132076,0.123668,0.141117,0.162886,0.126575,0.136337,0.143262,0.138971,0.136103,0.136951
2.57571,0.132373,0.123801,0.141279,0.163023,0.126678,0.136438,0.143548,0.139527,0.136059,0.137087
2.58231,0.132213,0.123417,0.141211,0.163112,0.126806,0.136228,0.143619,0.139533,0.136134,0.137077
2.58891,0.13189,0.123444,0.14079,0.162957,0.126594,0.136328,0.143634,0.139179,0.136176,0.136701
2.59551,0.131533,0.123206,0.140177,0.16254,0.126189,0.136203,0.143023,0.1385,0.135798,0.136227
2.60212,0.130765,0.122643,0.139203,0.161564,0.125346,0.13528,0.142298,0.137854,0.135187,0.135543
2.60872,0.131204,0.122697,0.139228,0.161236,0.125572,0.135469,0.142371,0.138115,0.135629,0.135704
2.61532,0.131162,0.122644,0.139477,0.161135,0.125894,0.13581,0.142517,0.138456,0.135806,0.135945
2.62192,0.131129,0.122327,0.138681,0.160772,0.125611,0.135524,0.14227,0.138391,0.135577,0.13605
2.62853,0.130397,0.121965,0.138141,0.159401,0.124906,0.134827,0.141604,0.137699,0.135413,0.135343
2.63513,0.129774,0.121334,0.136569,0.157801,0.124165,0.134025,0.140544,0.136781,0.134666,0.134418
2.64174,0.128368,0.120109,0.134665,0.155563,0.12279,0.132507,0.138397,0.134952,0.133165,0.132871
2.64834,0.126601,0.118408,0.132827,0.152976,0.120989,0.131041,0.136369,0.13289,0.13116,0.131645
2.65495,0.123785,0.116078,0.130468,0.149707,0.118721,0.12836,0.133561,0.130285,0.128765,0.12922
2.66155,0.122854,0.114439,0.130083,0.148031,0.117231,0.126577,0.132004,0.128588,0.127304,0.128075
2.66816,0.129385,0.122502,0.138536,0.15837,0.122745,0.131854,0.138746,0.134755,0.134204,0.134826
2.67476,0.146436,0.139022,0.162313,0.183757,0.140213,0.148571,0.157375,0.153721,0.152731,0.155582
2.68137,0.146932,0.140401,0.159013,0.181476,0.137957,0.145498,0.15421,0.150772,0.149656,0.152877
2.68798,,,,,,,,,,
2.76068,,,,,,,,,,
2.76729,,,,,,,,,,
2.7739,,,,,,,,,,
2.78052,,,,,,,,,,
2.78713,,,,,,,,,,
2.79374,,,,,,,,,,
2.80035,,,,,,,,,,
2.80697,,,,,,,,,,
2.81358,,,,,,,,,,
2.8202,,,,,,,,,,
2.82681,,,,,,,,,,
2.83343,,,,,,,,,,
2.84004,,,,,,,,,,
2.84666,,,,,,,,,,
2.85328,,,,,,,,,,
2.85989,,,,,,,,,,
2.86651,,,,,,,,,,
2.87313,,,,,,,,,,
2.87975,,,,,,,,,,
2.88636,,,,,,,,,,
2.89298,,,,,,,,,,
2.8996,,,,,,,,,,
2.90622,,,,,,,,,,
2.91284,,,,,,,,,,
2.91946,,,,,,,,,,
2.92608,,,,,,,,,,
2.9327,,,,,,,,,,
2.93932,,,,,,,,,,
2.94595,,,,,,,,,,
2.95257,,,,,,,,,,
2.95919,,,,,,,,,,
2.96581,,,,,,,,,,
2.97244,,,,,,,,,,
2.97906,,,,,,,,,,
2.98568,,,,,,,,,,
2.99231,,,,,,,,,,
2.99893,,,,,,,,,,
3.00556,,,,,,,,,,
3.01218,,,,,,,,,,
3.01881,,,,,,,,,,
3.02544,,,,,,,,,,
3.03206,,,,,,,,,,
3.03869,,,,,,,,,,
3.04532,,,,,,,,,,
3.05195,,,,,,,,,,
3.05857,,,,,,,,,,
3.0652,,,,,,,,,,
3.07183,,,,,,,,,,
3.07846,,,,,,,,,,
3.08509,,,,,,,,,,
3.09172,,,,,,,,,,
3.09835,,,,,,,,,,
3.10498,,,,,,,,,,
3.11161,,,,,,,,,,
3.11825,,,,,,,,,,
3.12488,,,,,,,,,,
3.13151,,,,,,,,,,
3.13814,,,,,,,,,,
3.14478,,,,,,,,,,
3.15141,,,,,,,,,,
3.15804,,,,,,,,,,
3.16468,,,,,,,,,,
3.17131,,,,,,,,,,
3.17795,,,,,,,,,,
3.18458,,,,,,,,,,
3.19122,,,,,,,,,,
3.19785,,,,,,,,,,
3.20449,,,,,,,,,,
3.21113,,,,,,,,,,
3.21776,,,,,,,,,,
3.2244,,,,,,,,,,
3.23104,,,,,,,,,,
3.23768,,,,,,,,,,
3.24432,,,,,,,,,,
3.25096,,,,,,,,,,
3.2576,,,,,,,,,,
3.26424,,,,,,,,,,
3.27088,,,,,,,,,,
3.27752,,,,,,,,,,
3.28416,,,,,,,,,,
3.2908,,,,,,,,,,
3.29744,,,,,,,,,,
3.30408,,,,,,,,,,
3.31073,,,,,,,,,,
3.31737,,,,,,,,,,
3.32401,,,,,,,,,,
3.33066,,,,,,,,,,
3.3373,,,,,,,,,,
3.34395,,,,,,,,,,
3.35059,,,,,,,,,,
3.35724,,,,,,,,,,
3.36388,,,,,,,,,,
3.37053,,,,,,,,,,
3.37717,,,,,,,,,,
3.38382,,,,,,,,,,
3.39047,,,,,,,,,,
3.39712,,,,,,,,,,
3.40376,0.100644,0.100313,0.094615,0.1007,0.102656,0.099633,0.093903,0.095024,0.119542,0.106234
3.41041,0.101898,0.101765,0.096385,0.10276,0.104448,0.101078,0.095667,0.097402,0.1218,0.108047
3.41706,0.102555,0.10284,0.097888,0.104662,0.106253,0.102543,0.097253,0.099219,0.123761,0.109627
3.42371,0.103659,0.104392,0.099679,0.106861,0.108714,0.104633,0.098908,0.101029,0.126015,0.111419
3.43036,0.105595,0.106805,0.101556,0.109378,0.111352,0.106737,0.10045,0.102893,0.12824,0.113595
3.43701,0.107899,0.108873,0.103277,0.111281,0.113153,0.10823,0.101965,0.104092,0.130003,0.115488
3.44366,0.10985,0.110387,0.104683,0.112186,0.114337,0.109431,0.103429,0.105089,0.131735,0.117008
3.45031,0.11146,0.112181,0.106462,0.113481,0.116059,0.111355,0.104905,0.106404,0.134049,0.118996
3.45696,0.113294,0.114456,0.108552,0.115925,0.118694,0.113855,0.106324,0.108245,0.136764,0.121199
3.46361,0.114754,0.116754,0.110382,0.1183,0.121048,0.115814,0.107775,0.110318,0.138839,0.122984
3.47026,0.116402,0.118881,0.112329,0.120132,0.123011,0.117388,0.109407,0.112399,0.141041,0.124465
3.47692,0.118444,0.120703,0.114751,0.122441,0.125251,0.119539,0.111403,0.114145,0.143838,0.126013
3.48357,0.12044,0.121981,0.116911,0.124904,0.127517,0.121775,0.113509,0.116112,0.146387,0.127835
3.49022,0.122355,0.123495,0.1186,0.126973,0.129215,0.12371,0.115707,0.11781,0.148413,0.12981
3.49687,0.124596,0.125614,0.120479,0.128848,0.131125,0.126203,0.117946,0.119498,0.150912,0.132475
3.50353,0.127462,0.128665,0.122933,0.13139,0.133839,0.12929,0.120533,0.121769,0.154489,0.135657
3.51018,0.130358,0.131375,0.12559,0.134136,0.136913,0.131974,0.123103,0.124131,0.157997,0.138247
3.51684,0.132868,0.133678,0.128054,0.136862,0.139853,0.134752,0.125797,0.127109,0.161366,0.140726
3.52349,0.136262,0.136196,0.131185,0.13964,0.143392,0.138598,0.128929,0.131425,0.165648,0.144201
3.53015,0.140182,0.140038,0.135341,0.142509,0.147162,0.142489,0.132183,0.136174,0.170292,0.148473
3.5368,0.142965,0.143957,0.138719,0.144921,0.150269,0.145286,0.13448,0.139022,0.173358,0.151614
3.54346,0.144284,0.147257,0.141313,0.14768,0.153039,0.147728,0.136171,0.140493,0.175485,0.153677
3.55011,0.145714,0.150608,0.144539,0.151936,0.15624,0.150616,0.138662,0.143041,0.178739,0.156534
3.55677,0.148415,0.154019,0.148733,0.156755,0.159898,0.153427,0.142238,0.147275,0.183126,0.160273
3.56343,0.150271,0.156584,0.151872,0.159945,0.162711,0.155078,0.145169,0.150036,0.186225,0.163154
3.57008,0.152084,0.158915,0.153571,0.161893,0.164725,0.156403,0.147008,0.151608,0.188642,0.165031
3.57674,0.154373,0.162134,0.156121,0.16428,0.167141,0.158777,0.149367,0.153508,0.192326,0.16716
3.5834,0.157259,0.165578,0.159736,0.167463,0.170125,0.162051,0.15237,0.156357,0.196698,0.169314
3.59006,0.159461,0.167218,0.162438,0.169916,0.172534,0.164344,0.154276,0.158217,0.199318,0.171227
3.59672,0.160531,0.168032,0.164161,0.172174,0.174729,0.16622,0.155686,0.159451,0.201212,0.173456
3.60338,0.162951,0.170271,0.165888,0.17476,0.177505,0.168922,0.157915,0.161675,0.204326,0.176098
3.61004,0.166071,0.173144,0.167309,0.177284,0.180412,0.171408,0.160491,0.164539,0.207816,0.178212
3.6167,0.167654,0.175029,0.168297,0.178577,0.181618,0.172735,0.1617,0.16635,0.20989,0.179188
3.62336,0.168085,0.176647,0.16942,0.179674,0.182599,0.173371,0.162097,0.167804,0.211534,0.180553
3.63002,0.169634,0.17931,0.172003,0.182068,0.185387,0.176032,0.16379,0.170191,0.215238,0.183627
3.63668,0.172937,0.182844,0.17565,0.185411,0.189083,0.179467,0.166358,0.173241,0.220489,0.187554
3.64334,0.175894,0.185546,0.178259,0.187426,0.192003,0.181573,0.168199,0.174713,0.223776,0.190099
3.65,0.177534,0.187225,0.179651,0.187988,0.193831,0.182493,0.169439,0.174979,0.225265,0.191327
3.65667,0.17918,0.189449,0.181408,0.189364,0.196908,0.184025,0.17125,0.176253,0.228279,0.193626
3.66333,0.181308,0.192142,0.184556,0.192666,0.200928,0.18721,0.173517,0.179057,0.232706,0.196503
3.66999,0.182573,0.193904,0.18672,0.194569,0.203121,0.190131,0.174637,0.181112,0.235377,0.197931
3.67665,0.18325,0.195084,0.188027,0.194751,0.20389,0.192201,0.175295,0.182805,0.236239,0.19857
3.68332,0.185717,0.198176,0.190609,0.196885,0.206472,0.194897,0.177279,0.185538,0.238875,0.201088
3.68998,0.189666,0.202947,0.194458,0.200864,0.211125,0.19821,0.180466,0.189594,0.244487,0.205458
3.69665,0.191522,0.205749,0.196846,0.203151,0.214407,0.200032,0.182181,0.192968,0.249443,0.208273
3.70331,0.191229,0.206445,0.19691,0.202874,0.215073,0.200084,0.182377,0.193771,0.251325,0.209227
3.70998,0.191829,0.208442,0.197524,0.203137,0.216223,0.201394,0.183059,0.194458,0.253558,0.210569
3.71664,0.194611,0.212247,0.199918,0.205323,0.21914,0.204376,0.185965,0.195297,0.257517,0.212491
3.72331,0.198011,0.214867,0.202342,0.207787,0.222522,0.206877,0.188183,0.196661,0.260914,0.214118
3.72998,0.200275,0.216375,0.203324,0.208833,0.224378,0.207669,0.189166,0.197148,0.261129,0.215112
3.73664,0.201725,0.218208,0.204282,0.209678,0.226284,0.209065,0.189699,0.198761,0.262738,0.216792
3.74331,0.203757,0.221162,0.206715,0.211667,0.230125,0.211854,0.191463,0.201331,0.26743,0.220051
3.74998,0.205243,0.224369,0.209194,0.213703,0.233706,0.214216,0.192628,0.20355,0.273582,0.222971
3.75665,0.206203,0.226113,0.20976,0.214505,0.235189,0.214903,0.191909,0.203895,0.276347,0.224182
3.76331,0.206945,0.226604,0.209383,0.214592,0.236242,0.215039,0.191045,0.204145,0.277943,0.224268
3.76998,0.208735,0.22947,0.210966,0.216804,0.239279,0.217781,0.192809,0.205937,0.28273,0.226926
3.77665,0.211588,0.234016,0.214636,0.219894,0.243135,0.221584,0.19602,0.208656,0.288776,0.231396
3.78332,0.212999,0.236393,0.217059,0.220496,0.245165,0.223478,0.197541,0.210099,0.291372,0.233723
3.78999,0.213113,0.236516,0.21744,0.219902,0.245616,0.223077,0.197115,0.210357,0.29156,0.233034
3.79666,0.214034,0.23788,0.21806,0.220656,0.248311,0.22428,0.197272,0.211163,0.293859,0.232592
3.80333,0.217249,0.242251,0.220556,0.223216,0.253502,0.227457,0.199541,0.213999,0.300288,0.234685
3.81,0.219609,0.246129,0.222451,0.224601,0.256847,0.230202,0.201819,0.215745,0.305818,0.23784
3.81667,0.219918,0.247329,0.222166,0.223415,0.257348,0.230472,0.202266,0.214751,0.307342,0.239915
3.82335,0.220121,0.248218,0.222514,0.223092,0.258411,0.230776,0.201366,0.213384,0.309316,0.241563
3.83002,0.222889,0.251895,0.225515,0.225428,0.262234,0.233039,0.20238,0.215874,0.315565,0.244332
3.83669,0.226812,0.257672,0.229423,0.22846,0.267235,0.237297,0.206022,0.219879,0.322788,0.24801
3.84336,0.229045,0.260807,0.230288,0.229009,0.270495,0.23957,0.208389,0.222259,0.325373,0.249446
3.85004,0.228795,0.260488,0.228739,0.226871,0.271046,0.239588,0.207241,0.221995,0.324448,0.248237
3.85671,0.228436,0.261095,0.227867,0.22479,0.272505,0.240174,0.205701,0.221522,0.324567,0.247671
3.86339,0.229277,0.26387,0.228806,0.225182,0.276574,0.242424,0.206287,0.22259,0.327808,0.24978
3.87006,0.230398,0.266925,0.2323,0.227889,0.282291,0.245752,0.20813,0.224829,0.331693,0.25318
3.87673,0.229767,0.268262,0.233941,0.22964,0.285055,0.247325,0.208511,0.226471,0.332944,0.255029
3.88341,0.229689,0.268588,0.234289,0.229856,0.285928,0.247512,0.20872,0.227105,0.333511,0.257091
3.89008,0.232501,0.270403,0.23637,0.231007,0.288011,0.249352,0.210283,0.228761,0.336058,0.260325
3.89676,0.238176,0.27538,0.241773,0.234691,0.29281,0.253635,0.214322,0.233057,0.341536,0.265839
3.90344,0.244029,0.281463,0.247186,0.238058,0.298491,0.258678,0.218699,0.238278,0.347739,0.271744
3.91011,0.247086,0.287676,0.251407,0.244663,0.303433,0.263352,0.22352,0.242215,0.353157,0.277161
3.91679,0.24253,0.276393,0.243818,0.233702,0.295081,0.25593,0.217084,0.235192,0.345038,0.267579